date,stars,forks,watchers,open_issues,views_14d,visitors_14d,clones_14d,deb_downloads,spices_score,spices_rank,spices_total
2026-09-08,0,0,0,0,1,1,0,0,,,44
2026-09-08,0,0,0,0,,,,0,,,44
2026-09-09,0,0,0,0,2,2,54,0,,,44
2026-09-10,1,0,0,0,,,,0,,,44
2026-09-11,1,0,0,0,,,,1,,,44
2026-09-12,1,0,0,0,,,,2,,,44
2026-09-13,1,0,0,0,,,,3,,,44
2026-09-14,1,0,0,0,,,,4,,,44
2026-09-15,1,0,0,0,,,,5,,,44
2026-09-16,1,0,0,0,,,,5,,,44
2026-09-17,1,0,0,0,,,,5,,,44
2026-09-18,1,0,0,0,,,,5,,,44
2026-09-19,1,0,0,0,,,,5,,,44
2026-09-20,1,0,0,0,,,,5,,,44
2026-09-21,1,0,0,0,,,,5,,,44
2026-09-22,1,0,0,0,,,,6,,,44
2026-09-23,1,0,0,0,,,,6,,,44
2026-09-24,1,0,0,0,,,,6,,,44
2026-09-25,1,0,0,0,,,,6,,,44
2026-09-26,1,0,0,0,,,,8,,,44
